id;name;last name;email
1;Maja;Musterfrau;maja.musterfrau@pledge4future.de
2;Max;Mustermann;max.mustermann@pledge4future.de
3;John;Walsh;john.walsh@gmail.com
4;Erica;Johnson;erica.johnson@hotmail.com
5;Gunilla;Andersson;gunilla-andersson@gmail.com
6;Erik;Johansson;erik-johansson@hotmail.com
7;Cécile;Meunier;cecile.meunier@gmail.fr
8;Pierre;Bigot;pierre_bigot@gmail.fr
9;Maria;Gomez;maria4115@gmail.com
10;José;Sanchez;jose.sanchez@gmail.com
11;Claudio;Puccini;claudio.puccini@hotmail.com
12;Sara;Curreli;s.curreli@gmail.com
13;Urs;Wehrli;urs-wehrli@gmail.com
14;Heinrich;Lohrmann;heinrich.lohrmann@t-online.de
15;Andrea;Hoffmann;a-hoffmann1986@web.de
16;Mikulas;Cernik;mikulas.cernik@gmail.com
17;Jana;Cernikova;jana-cernikova@hotmail.com
18;Agne;Minderyte;agne.minderyte@gmail.com
19;Salli;Heiskanen;salli-heiskanen92@gmail.com
20;Arttu;Perkkonen;arttu.perkkonen@gmail.com
21;Xao;Li;xao-li659@hotmail.com
22;Nguyen;Tranh;nguyen.tranh@gmail.com
23;Anamika;Singh;anamika_singh@gmail.com
24;Martin;Schmidt;schmidt.martin@web.de
25;Claudia;Müller;claudia-m-HD@gmx.de
26;Agnes;Kämmerer;a.kaemmerer@web.de
27;Roland;Schmidt;r-schmidt@gmx.de
28;Fatima;Ünal;fatima.uenal@gmail.com
29;Henrik;Bast;h.bast@posteo.de
30;Elisa;Gundermann;elisa-gundermann@t-online.de
31;Iwan;Novikow;i.novikow@gmail.com
32;Gerda;Hahnemann;gerda.hahnemann@gmail.de
33;Murat;Türküler;m-tuerkueler@gmail.com
34;Sophie;Eisenbichler;sophie-eisenbichler@gmail.at
35;Kendrick;Vollmer;k.vollmer@web.de
36;Henrike;Gustavsson;henrike.gustavsson@gmail.com
37;Patrick;Hofer;patrick.hofer@gmail.com
38;Michelle;Foucault;michelle.foucault@hotmail.fr
39;Hans;Findeis;h-findeis@gmx.de
40;Cordula;Rehn;cordula.rehn@web.de
41;Gerhard;Braun;g-braun-654@t-online.de
42;Vishma;Sampath;vishma.sampath@gmail.com
43;Holger;Schumann;h.schumann@gmx.de
44;Renate;Berg;renate.berg78@gmail.com
45;Eileen;Kaczynski;e.kaczynski@gmail.com
